--
-- PostgreSQL database dump
--

-- Dumped from database version 16.2
-- Dumped by pg_dump version 16.2

-- Started on 2025-04-22 23:53:38

SET statement_timeout = 0;
SET lock_timeout = 0;
SET idle_in_transaction_session_timeout = 0;
SET client_encoding = 'UTF8';
SET standard_conforming_strings = on;
SELECT pg_catalog.set_config('search_path', '', false);
SET check_function_bodies = false;
SET xmloption = content;
SET client_min_messages = warning;
SET row_security = off;

--
-- TOC entry 4864 (class 1262 OID 43897)
-- Name: invoice; Type: DATABASE; Schema: -; Owner: postgres
--

CREATE DATABASE invoice WITH TEMPLATE = template0 ENCODING = 'UTF8' LOCALE_PROVIDER = libc LOCALE = 'English_United States.1252';


ALTER DATABASE invoice OWNER TO postgres;

\connect invoice

SET statement_timeout = 0;
SET lock_timeout = 0;
SET idle_in_transaction_session_timeout = 0;
SET client_encoding = 'UTF8';
SET standard_conforming_strings = on;
SELECT pg_catalog.set_config('search_path', '', false);
SET check_function_bodies = false;
SET xmloption = content;
SET client_min_messages = warning;
SET row_security = off;

--
-- TOC entry 4 (class 2615 OID 2200)
-- Name: public; Type: SCHEMA; Schema: -; Owner: pg_database_owner
--

CREATE SCHEMA public;


ALTER SCHEMA public OWNER TO pg_database_owner;

--
-- TOC entry 4865 (class 0 OID 0)
-- Dependencies: 4
-- Name: SCHEMA public; Type: COMMENT; Schema: -; Owner: pg_database_owner
--

COMMENT ON SCHEMA public IS 'standard public schema';


SET default_tablespace = '';

SET default_table_access_method = heap;

--
-- TOC entry 220 (class 1259 OID 44026)
-- Name: authorities; Type: TABLE; Schema: public; Owner: postgres
--

CREATE TABLE public.authorities (
    username character varying(50) NOT NULL,
    authority character varying(50) NOT NULL
);


ALTER TABLE public.authorities OWNER TO postgres;

--
-- TOC entry 216 (class 1259 OID 43968)
-- Name: customers; Type: TABLE; Schema: public; Owner: springstudent
--

CREATE TABLE public.customers (
    id bigint NOT NULL,
    name character varying(255)
);


ALTER TABLE public.customers OWNER TO springstudent;

--
-- TOC entry 215 (class 1259 OID 43967)
-- Name: customers_id_seq; Type: SEQUENCE; Schema: public; Owner: springstudent
--

ALTER TABLE public.customers ALTER COLUMN id ADD GENERATED BY DEFAULT AS IDENTITY (
    SEQUENCE NAME public.customers_id_seq
    START WITH 1
    INCREMENT BY 1
    NO MINVALUE
    NO MAXVALUE
    CACHE 1
);


--
-- TOC entry 218 (class 1259 OID 43974)
-- Name: invoices; Type: TABLE; Schema: public; Owner: springstudent
--

CREATE TABLE public.invoices (
    id bigint NOT NULL,
    amount double precision NOT NULL,
    description character varying(255),
    customer_id bigint
);


ALTER TABLE public.invoices OWNER TO springstudent;

--
-- TOC entry 217 (class 1259 OID 43973)
-- Name: invoices_id_seq; Type: SEQUENCE; Schema: public; Owner: springstudent
--

ALTER TABLE public.invoices ALTER COLUMN id ADD GENERATED BY DEFAULT AS IDENTITY (
    SEQUENCE NAME public.invoices_id_seq
    START WITH 1
    INCREMENT BY 1
    NO MINVALUE
    NO MAXVALUE
    CACHE 1
);


--
-- TOC entry 219 (class 1259 OID 44019)
-- Name: users; Type: TABLE; Schema: public; Owner: postgres
--

CREATE TABLE public.users (
    username character varying(50) NOT NULL,
    password character varying(500) NOT NULL,
    enabled boolean NOT NULL
);


ALTER TABLE public.users OWNER TO postgres;

--
-- TOC entry 4858 (class 0 OID 44026)
-- Dependencies: 220
-- Data for Name: authorities; Type: TABLE DATA; Schema: public; Owner: postgres
--

INSERT INTO public.authorities VALUES ('Batuhan', 'ROLE_USER');
INSERT INTO public.authorities VALUES ('Han', 'ROLE_USER');
INSERT INTO public.authorities VALUES ('Han', 'ROLE_MANAGER');


--
-- TOC entry 4854 (class 0 OID 43968)
-- Dependencies: 216
-- Data for Name: customers; Type: TABLE DATA; Schema: public; Owner: springstudent
--

INSERT INTO public.customers VALUES (1, 'Batuhan');
INSERT INTO public.customers VALUES (2, 'Batuhan');
INSERT INTO public.customers VALUES (3, 'Cumali');
INSERT INTO public.customers VALUES (4, 'Tardu');
INSERT INTO public.customers VALUES (5, 'Burce');


--
-- TOC entry 4856 (class 0 OID 43974)
-- Dependencies: 218
-- Data for Name: invoices; Type: TABLE DATA; Schema: public; Owner: springstudent
--

INSERT INTO public.invoices VALUES (8, 300.25, 'Temizlik Hizmeti', 3);
INSERT INTO public.invoices VALUES (6, 750, 'Muayene ücreti.', 3);
INSERT INTO public.invoices VALUES (7, 125, 'Eczane Ödemesi', 3);
INSERT INTO public.invoices VALUES (9, 15000, 'Marketn ALışverişi', 4);
INSERT INTO public.invoices VALUES (10, 250, 'İnternet Faturası', 4);
INSERT INTO public.invoices VALUES (11, 125, 'Telefon Faturası', 4);
INSERT INTO public.invoices VALUES (12, 920.85, 'Su Faturası', 4);
INSERT INTO public.invoices VALUES (13, 1420.17, 'Ulaşım', 4);


--
-- TOC entry 4857 (class 0 OID 44019)
-- Dependencies: 219
-- Data for Name: users; Type: TABLE DATA; Schema: public; Owner: postgres
--

INSERT INTO public.users VALUES ('Batuhan', '{noop}123', true);
INSERT INTO public.users VALUES ('Han', '{noop}456', true);


--
-- TOC entry 4866 (class 0 OID 0)
-- Dependencies: 215
-- Name: customers_id_seq; Type: SEQUENCE SET; Schema: public; Owner: springstudent
--

SELECT pg_catalog.setval('public.customers_id_seq', 5, true);


--
-- TOC entry 4867 (class 0 OID 0)
-- Dependencies: 217
-- Name: invoices_id_seq; Type: SEQUENCE SET; Schema: public; Owner: springstudent
--

SELECT pg_catalog.setval('public.invoices_id_seq', 13, true);


--
-- TOC entry 4702 (class 2606 OID 43972)
-- Name: customers customers_pkey; Type: CONSTRAINT; Schema: public; Owner: springstudent
--

ALTER TABLE ONLY public.customers
    ADD CONSTRAINT customers_pkey PRIMARY KEY (id);


--
-- TOC entry 4704 (class 2606 OID 43978)
-- Name: invoices invoices_pkey; Type: CONSTRAINT; Schema: public; Owner: springstudent
--

ALTER TABLE ONLY public.invoices
    ADD CONSTRAINT invoices_pkey PRIMARY KEY (id);


--
-- TOC entry 4706 (class 2606 OID 44025)
-- Name: users users_pkey; Type: CONSTRAINT; Schema: public; Owner: postgres
--

ALTER TABLE ONLY public.users
    ADD CONSTRAINT users_pkey PRIMARY KEY (username);


--
-- TOC entry 4707 (class 1259 OID 44034)
-- Name: ix_auth_username; Type: INDEX; Schema: public; Owner: postgres
--

CREATE UNIQUE INDEX ix_auth_username ON public.authorities USING btree (username, authority);


--
-- TOC entry 4709 (class 2606 OID 44029)
-- Name: authorities fk_authorities_users; Type: FK CONSTRAINT; Schema: public; Owner: postgres
--

ALTER TABLE ONLY public.authorities
    ADD CONSTRAINT fk_authorities_users FOREIGN KEY (username) REFERENCES public.users(username);


--
-- TOC entry 4708 (class 2606 OID 43979)
-- Name: invoices fkq2w4hmh6l9othnp6cepp0cfe2; Type: FK CONSTRAINT; Schema: public; Owner: springstudent
--

ALTER TABLE ONLY public.invoices
    ADD CONSTRAINT fkq2w4hmh6l9othnp6cepp0cfe2 FOREIGN KEY (customer_id) REFERENCES public.customers(id);


-- Completed on 2025-04-22 23:53:38

--
-- PostgreSQL database dump complete
--

